[
	{
		"name":"RAND",
		"time":3600,
		"description":"LAYER 7",
		"default port":80,
		"default time":100,
		"permission":[""],
		"api":[
      "http://128.199.83.29/api.php?key=API2023&host=<<$host>>&port=<<$port>>&time=<<$time>>&method=RAND"
		]
	},
	{
		"name":"RAW",
		"time":3600,
		"description":"LAYER 7",
   		"default port":80,
		"default time":100,
		"permission":["vip"],
		"api":[
      "http://128.199.83.29/api.php?key=API2023&host=<<$host>>&port=<<$port>>&time=<<$time>>&method=RAW"
		]
	},
 {
		"name":"MIX",
		"time":3600,
		"description":"LAYER 7",
		"default port":80,
		"default time":100,
		"permission":[""],
		"api":[
      "http://128.199.83.29/api.php?key=API2023&host=<<$host>>&port=<<$port>>&time=<<$time>>&method=MIX"
		]
	},
 {
		"name":"SOCKET",
		"time":3600,
		"description":"LAYER 7",
		"default port":80,
		"default time":100,
		"permission":["vip"],
		"api":[
      "http://128.199.83.29/api.php?key=API2023&host=<<$host>>&port=<<$port>>&time=<<$time>>&method=SOCKET"
		]
	},
 {
		"name":"STORM",
		"time":3600,
		"description":"LAYER 7",
		"default port":80,
		"default time":100,
		"permission":[""],
		"api":[
      "http://128.199.83.29/api.php?key=API2023&host=<<$host>>&port=<<$port>>&time=<<$time>>&method=STORM"
		]
	},
 {
		"name":"TLS",
		"time":3600,
		"description":"layer 7",
   		"default port":80,
		"default time":100,
		"permission":["vip"],
		"api":[
      "http://188.166.241.151/api.php?key=RAPIAPI&host=<<$host>>&port=<<$port>>&time=<<$time>>&method=TLS",
      "https://api.inverse.best/?token=otfnVxqsKj7zdlsLmDJn8V&host=<<$host>>&port=<<&port>>&time=<<$time>>&method=TLSV3"
		]
	},
 {
		"name":"HTTPS",
		"time":3600,
		"description":"LAYER 7",
		"default port":80,
		"default time":100,
		"permission":["vip"],
		"api":[
      "https://api.inverse.best?token=otfnVxqsKj7zdlsLmDJn8V&host=<<$host>>&port=<<$port>>&time=<<$time>>&method=HTTPS"
		]
	},
 {
		"name":"INVERSE",
		"time":3600,
		"description":"LAYER 7",
		"default port":80,
		"default time":100,
		"permission":["vip"],
		"api":[
      "https://api.inverse.best?token=otfnVxqsKj7zdlsLmDJn8V&host=<<$host>>&port=<<$port>>&time=<<$time>>&method=INVERSE"
		]
	},
 {
		"name":"BROWSER",
		"time":3600,
		"description":"LAYER 7",
		"default port":80,
		"default time":100,
		"permission":["vip"],
		"api":[
      "https://api.inverse.best?token=otfnVxqsKj7zdlsLmDJn8V&host=<<$host>>&port=<<$port>>&time=<<$time>>&method=BROWSERV1"
		]
	},
 {
		"name":"TCP",
		"time":3600,
		"description":"Layer 4",
		"default port":80,
		"default time":100,
		"permission":[""],
		"api":[
      "http://188.166.241.151/api.php?key=RAPIAPI&host=<<$host>>&port=<<$port>>&time=<<$time>>&method=TCP",
      "https://api.inverse.best/?token=otfnVxqsKj7zdlsLmDJn8V&host=<<$host>>&port=<<&port>>&time=<<$time>>&method=TCP"
		]
	},
{
		"name":"DNS",
		"time":3600,
		"description":"LAYER 4",
		"default port":80,
		"default time":100,
		"permission":["vip"],
		"api":[
      "https://api.inverse.best?token=otfnVxqsKj7zdlsLmDJn8V&host=<<$host>>&port=<<$port>>&time=<<$time>>&method=DNS"
		]
	},
 {
		"name":"NTP",
		"time":3600,
		"description":"LAYER 4",
		"default port":80,
		"default time":100,
		"permission":["vip"],
		"api":[
      "https://api.inverse.best?token=otfnVxqsKj7zdlsLmDJn8V&host=<<$host>>&port=<<$port>>&time=<<$time>>&method=NTP"
		]
	},
 {
		"name":"LDAP",
		"time":3600,
		"description":"LAYER 4",
		"default port":80,
		"default time":100,
		"permission":["vip"],
		"api":[
      "https://api.inverse.best?token=otfnVxqsKj7zdlsLmDJn8V&host=<<$host>>&port=<<$port>>&time=<<$time>>&method=LDAP"
		]
	},
 {
		"name":"SADP",
		"time":3600,
		"description":"LAYER 4",
		"default port":80,
		"default time":100,
		"permission":["vip"],
		"api":[
      "https://api.inverse.best?token=otfnVxqsKj7zdlsLmDJn8V&host=<<$host>>&port=<<$port>>&time=<<$time>>&method=SADP"
		]
	},
 {
		"name":"MIXAMP",
		"time":3600,
		"description":"LAYER 4",
		"default port":80,
		"default time":100,
		"permission":["vip"],
		"api":[
      "https://api.inverse.best?token=otfnVxqsKj7zdlsLmDJn8V&host=<<$host>>&port=<<$port>>&time=<<$time>>&method=MIXAMP"
		]
	},
 {
		"name":"STUN",
		"time":3600,
		"description":"LAYER 4",
		"default port":80,
		"default time":100,
		"permission":["vip"],
		"api":[
      "https://api.inverse.best?token=otfnVxqsKj7zdlsLmDJn8V&host=<<$host>>&port=<<$port>>&time=<<$time>>&method=STUN"
		]
	},
 {
		"name":"VALVE",
		"time":3600,
		"description":"LAYER 4",
		"default port":80,
		"default time":100,
		"permission":["vip"],
		"api":[
      "https://api.inverse.best?token=otfnVxqsKj7zdlsLmDJn8V&host=<<$host>>&port=<<$port>>&time=<<$time>>&method=VALVE"
		]
	},
 {
		"name":"RAKNET",
		"time":3600,
		"description":"LAYER 4",
		"default port":80,
		"default time":100,
		"permission":["vip"],
		"api":[
      "https://api.inverse.best?token=otfnVxqsKj7zdlsLmDJn8V&host=<<$host>>&port=<<$port>>&time=<<$time>>&method=RAKNET"
		]
	},
 {
		"name":"UDP",
		"time":3600,
		"description":"LAYER 4",
		"default port":80,
		"default time":100,
		"permission":[""],
		"api":[
      "https://api.inverse.best?token=otfnVxqsKj7zdlsLmDJn8V&host=<<$host>>&port=<<$port>>&time=<<$time>>&method=UDP"
		]
	},
 {
		"name":"GAME",
		"time":3600,
		"description":"LAYER 4",
		"default port":80,
		"default time":100,
		"permission":["vip"],
		"api":[
      "https://api.inverse.best?token=otfnVxqsKj7zdlsLmDJn8V&host=<<$host>>&port=<<$port>>&time=<<$time>>&method=GAME"
		]
	},
 {
		"name":"OVHTCP",
		"time":3600,
		"description":"LAYER 4",
		"default port":80,
		"default time":100,
		"permission":["vip"],
		"api":[
      "https://api.inverse.best?token=otfnVxqsKj7zdlsLmDJn8V&host=<<$host>>&port=<<$port>>&time=<<$time>>&method=OVHTCP"
		]
	},
 {
		"name":"TCP",
		"time":3600,
		"description":"LAYER 4",
		"default port":80,
		"default time":100,
		"permission":[""],
		"api":[
      "https://api.inverse.best?token=otfnVxqsKj7zdlsLmDJn8V&host=<<$host>>&port=<<$port>>&time=<<$time>>&method=TCP"
		]
	},
 {
		"name":"NFO",
		"time":3600,
		"description":"LAYER 4",
		"default port":80,
		"default time":100,
		"permission":["vip"],
		"api":[
      "https://api.inverse.best?token=otfnVxqsKj7zdlsLmDJn8V&host=<<$host>>&port=<<$port>>&time=<<$time>>&method=NFO"
		]
	},
 {
		"name":"ROSE",
		"time":3600,
		"description":"LAYER 4",
		"default port":80,
		"default time":100,
		"permission":["vip"],
		"api":[
      "https://api.inverse.best?token=otfnVxqsKj7zdlsLmDJn8V&host=<<$host>>&port=<<$port>>&time=<<$time>>&method=ROSE"
		]
	},
 {
		"name":"SOCKET",
		"time":3600,
		"description":"LAYER 4",
		"default port":80,
		"default time":100,
		"permission":[""],
		"api":[
      "https://api.inverse.best?token=otfnVxqsKj7zdlsLmDJn8V&host=<<$host>>&port=<<$port>>&time=<<$time>>&method=SOCKETV2"
		]
	},
 {
		"name":"SHEX",
		"time":3600,
		"description":"BOTNET",
		"default port":80,
		"default time":100,
		"permission":["vip"],
		"api":[
      "https://api.inverse.best?token=otfnVxqsKj7zdlsLmDJn8V&host=<<$host>>&port=<<$port>>&time=<<$time>>&method=SHEX"
		]
	},
 {
		"name":"HANDSHAKE",
		"time":3600,
		"description":"BOTNET",
		"default port":80,
		"default time":100,
		"permission":["vip"],
		"api":[
      "https://api.inverse.best?token=otfnVxqsKj7zdlsLmDJn8V&host=<<$host>>&port=<<$port>>&time=<<$time>>&method=HANDSHAKE"
		]
	}
]
